{
  "Height": 3366,
  "Width": 2873,
  "PixelScaleX": 1.07359,
  "PixelScaleY": 1.07359,
  "OriginLatitude": 2564370.93966,
  "OriginLongitude": 267431.8374,
  "BitsPerSample": 32,
  "WorldUnits": "meter"
}